suggested_id,level,primary_pattern,all_forms_seen,meaning,sources,num_sources
n5_082,N5,い-adjectives,い-adjectives,i-adjectives,"JLPTsensei,MaruMori",2
n5_083,N5,かか,〜か～か | か〜か,or,"JLPTsensei,MaruMori",2
n5_084,N5,しかし,しかし,but; however,"JLPTsensei,MaruMori",2
n5_085,N5,じゃない,じゃない | じゃない・ではない,to not be (am not; is not; are not),"JLPTsensei,MaruMori",2
n5_086,N5,する,する,to do,"MaruMori,Neocities",2
n5_087,N5,だ,だ | だ / です | だ・です,"to be (am, is, are, were, used to)","JLPTsensei,MaruMori,Neocities",3
n5_088,N5,だろう,だろう | だろう 1 | だろう 2,I think; it seems; probably; right?,"JLPTsensei,MaruMori,Neocities",3
n5_089,N5,ちゃいけない,ちゃいけない・じゃい… | ちゃいけない・じゃいけない,must not do (spoken Japanese),"JLPTsensei,MaruMori",2
n5_090,N5,でも,でも,but; however,"JLPTsensei,MaruMori",2
n5_091,N5,な-adjectives,な-adjectives,na-adjectives,"JLPTsensei,MaruMori",2
n5_092,N5,ないでください,〜ないで | 〜ないでください | ないで | ないでください,please don't do,"JLPTsensei,MaruMori,Neocities",3
n5_093,N5,なくちゃ,なくちゃ | なくちゃ・なきゃ,must do; need to; gotta do,"JLPTsensei,MaruMori",2
n5_094,N5,なる,なる,to become,"JLPTsensei,MaruMori,Neocities",3
n5_095,N5,にいく,にいく,go to do,"JLPTsensei,Neocities",2
n5_096,N5,のが下手,のが下手,to be bad at doing something,"JLPTsensei,Neocities",2
n5_097,N5,の中で[A]が一番,の中で[A]が一番 | ～が一番,"out of this group, [A] is best","JLPTsensei,MaruMori",2
n5_098,N5,ほうがいい,ほうがいい | ほうがいい 1 | ほうがいい 2 | ～ほうがいい,had better; it'd be better to; should~,"JLPTsensei,MaruMori,Neocities",3
n5_099,N5,まだ,まだ,still; not yet,"JLPTsensei,MaruMori,Neocities",3
n5_100,N5,もう,もう,already; anymore; again; other,"JLPTsensei,MaruMori,Neocities",3
n5_101,N5,よりほうが,より〜ほうが | より～ほうが,[A] is more than [B],"JLPTsensei,MaruMori",2
n5_102,N5,一緒に,一緒に,together,"JLPTsensei,MaruMori",2
n4_108,N4,あまりない,あまり○○ない | あまり～ない,"not very, not much","JLPTsensei,MaruMori,Neocities",3
n4_109,N4,いらっしゃる,いらっしゃる,to be; to come; to go (polite version),"JLPTsensei,Neocities",2
n4_110,N4,おください,お○○ください | お～ください,please do (honorific),"JLPTsensei,Neocities",2
n4_111,N4,おになる,お○○になる | お～になる,to do (honorific),"JLPTsensei,Neocities",2
n4_112,N4,かい,かい,turns a sentence into a yes/no question,"JLPTsensei,Neocities",2
n4_113,N4,かしら,かしら | ～かしら,I wonder,"JLPTsensei,MaruMori,Neocities",3
n4_114,N4,かな,かな | ～かな,I wonder; should I?,"JLPTsensei,MaruMori,Neocities",3
n4_115,N4,がする,がする,to smell; hear; taste,"JLPTsensei,Neocities",2
n4_116,N4,がり,〜がり | がり,personality; tend to~; sensitivity towards~,"JLPTsensei,MaruMori",2
n4_117,N4,が必要,〜が必要 | が必要,need; necessary,"JLPTsensei,MaruMori",2
n4_118,N4,くする,〜くする | くする,to make something ~,"JLPTsensei,MaruMori",2
n4_119,N4,こと,こと,Verb nominalizer,"JLPTsensei,Neocities",2
n4_120,N4,さ,さ | ～さ,-ness ; nominalizer for adjective,"JLPTsensei,MaruMori,Neocities",3
n4_121,N4,さすが,さすが,as one would expect; as is to be expected,"JLPTsensei,MaruMori",2
n4_122,N4,じゃないか,じゃないか | じゃないか・ではないか,right? isn't it? let's~; confirmation,"JLPTsensei,MaruMori,Neocities",3
n4_123,N4,そうに,〜そうに ・〜そうな | そうに / そうな | そうに・そうな,seems like; looks like,"JLPTsensei,MaruMori,Neocities",3
n4_124,N4,それでも,それでも,but still; and yet; even so,"JLPTsensei,MaruMori,Neocities",3
n4_125,N4,そんなに,そんなに,so much; so; like that,"JLPTsensei,Neocities",2
n4_126,N4,たがる,たがる | ～たがる・～ほしがる,wants to do~ (third person),"JLPTsensei,MaruMori,Neocities",3
n4_127,N4,たらいいですか,〜たらいい(ですか) | たらいいですか,what should I do?; seeking instruction,"JLPTsensei,MaruMori",2
n4_128,N4,たらどう,〜たらどう | たらどう,why don't you,"JLPTsensei,MaruMori,Neocities",3
n4_129,N4,づらい,〜づらい | づらい,difficult to do,"JLPTsensei,MaruMori",2
n4_130,N4,ていく,〜ていく | ていく,to start; to continue; to go on,"JLPTsensei,MaruMori,Neocities",3
n4_131,N4,てくる,〜てくる | てくる,to do… and come back; to continue,"JLPTsensei,MaruMori,Neocities",3
n4_132,N4,てよかった,〜てよかった | てよかった,I’m glad that..,"JLPTsensei,MaruMori,Neocities",3
n4_133,N4,でございます,ございます | でございます,to be (honorific),"JLPTsensei,Neocities",2
n4_134,N4,でも,でも,... or something,"JLPTsensei,Neocities",2
n4_135,N4,とかとか,とか○○とか | とか～とか,among other things; such as; like,"JLPTsensei,MaruMori,Neocities",3
n4_136,N4,とき,〜とき | とき,when; at the time,"MaruMori,Neocities",2
n4_137,N4,な,〜な | な | ～な,don’t ~ (order somebody to not do ~),"JLPTsensei,MaruMori",2
n4_138,N4,なければいけない,〜なければいけない | なければいけない | なければいけない / なければならない,must do something; have to do something,"JLPTsensei,MaruMori,Neocities",3
n4_139,N4,なさい,〜なさい | なさい,do this (soft/firm command),"JLPTsensei,MaruMori,Neocities",3
n4_140,N4,なさる,なさる,to do (honorific),"JLPTsensei,Neocities",2
n4_141,N4,など,など,"such as, things like","JLPTsensei,Neocities",2
n4_142,N4,にみえる,にみえる | ～にみえる,to look; to seem; to appear,"JLPTsensei,MaruMori",2
n4_143,N4,に気がつく,〜に気がつく | に気がつく,to notice; to realize,"JLPTsensei,MaruMori",2
n4_144,N4,の中で,の中で,"in, among","JLPTsensei,Neocities",2
n4_145,N4,はずがない,はずがない | ～はずがない,cannot be (impossible),"JLPTsensei,MaruMori,Neocities",3
n4_146,N4,までに,までに,by; by the time; indicates time limit,"JLPTsensei,Neocities",2
n4_147,N4,みたいだ,〜みたい(だ) | みたい | みたいだ,"like, similar to, resembling","JLPTsensei,MaruMori,Neocities",3
n4_148,N4,みたいな,みたいな | ～みたいな,"like, similar to","JLPTsensei,MaruMori",2
n4_149,N4,みたいに,みたいに | みたいに/みたいな | ～みたいに,"like, similar to","JLPTsensei,MaruMori,Neocities",3
n4_150,N4,受身形,受身形,passive form; passive voice,"JLPTsensei,MaruMori",2
n4_151,N4,場合は,〜場合は | 場合は,in the event of; in the case that,"JLPTsensei,MaruMori,Neocities",3
n4_152,N4,急に,急に,suddenly,"JLPTsensei,Neocities",2
n3_071,N3,あまりにも,あまり | あまりに | あまりに(も)～ | あまりにも,too…; so much… that; excessively~,"JLPTsensei,MaruMori,Neocities",3
n3_072,N3,いくらても,いくら○○ても / いくら○○でも | いくら～ても,no matter how~,"JLPTsensei,Neocities",2
n3_073,N3,きり,きり | ～きり,only; just; since; after,"JLPTsensei,MaruMori,Neocities",3
n3_074,N3,こそ,こそ | こそ①,for sure; precisely; definitely,"JLPTsensei,MaruMori,Neocities",3
n3_075,N3,こと,こと | ～こと,(must) do,"JLPTsensei,MaruMori,Neocities",3
n3_076,N3,ことから,〜ことか | 〜ことから | ことか | ことから,from the fact that~,"JLPTsensei,MaruMori,Neocities",3
n3_077,N3,ことはが,ことは～が,although; but,"JLPTsensei,MaruMori",2
n3_078,N3,さらに,さらに,furthermore; again; more and more,"JLPTsensei,MaruMori",2
n3_079,N3,すでに,すでに,something has already been done,"JLPTsensei,MaruMori",2
n3_080,N3,すなわち,すなわち,in other words; namely,"JLPTsensei,MaruMori",2
n3_081,N3,ずつ,ずつ | ～ずつ,apiece; each; at a time,"JLPTsensei,MaruMori",2
n3_082,N3,そうもない,そうもない,very unlikely to~; showing no signs of~,"JLPTsensei,MaruMori,Neocities",3
n3_083,N3,たて,たて | ～たて,just done; freshly done; newly done,"JLPTsensei,MaruMori",2
n3_084,N3,たとえても,たとえ○○ても | たとえ～ても,even if… is the case,"JLPTsensei,MaruMori,Neocities",3
n3_085,N3,だけど,だけど,however; but,"JLPTsensei,Neocities",2
n3_086,N3,だらけ,〜だらけ | だらけ | だらけ 1 | だらけ 2,full of; covered with; a lot of~,"JLPTsensei,MaruMori,Neocities",3
n3_087,N3,っけ,っけ | ～っけ,casual suffix to confirm something,"JLPTsensei,MaruMori,Neocities",3
n3_088,N3,つい,つい,accidentally; unintentionally,"JLPTsensei,MaruMori",2
n3_089,N3,ついでに,ついでに | ～ついでに,"while, incidentally, at the same time","JLPTsensei,MaruMori,Neocities",3
n3_090,N3,ついに,ついに,finally ~; at last ~; in the end,"JLPTsensei,MaruMori",2
n3_091,N3,つまり,つまり,in other words; in summary; in short,"JLPTsensei,MaruMori,Neocities",3
n3_092,N3,てごらん,てごらん | ～てごらん,(please) try to; (please) look,"JLPTsensei,MaruMori,Neocities",3
n3_093,N3,てもかまわない,てもかまわない | てもかまわない / てもかまいません,it doesn't matter if ~,"JLPTsensei,Neocities",2
n3_094,N3,てもしょうがない,てもしょうがない,there's no point to~; it's no use to~,"JLPTsensei,MaruMori",2
n3_095,N3,ても始まらない（ても,ても始まらない | ても始まらない（ても…,even if you... it’s no use;,"JLPTsensei,MaruMori",2
n3_096,N3,とてもない,とても～ない | とても～（ない）,cannot possibly be; hardly~,"JLPTsensei,MaruMori",2
n3_097,N3,と共に,と共に,together with; at the same time as,"JLPTsensei,Neocities",2
n3_098,N3,と言うと,と言うと | ～と言うと,speaking of; when you say~,"JLPTsensei,MaruMori",2
n3_099,N3,と言えば,と言えば | ～と言えば,speaking of; when you talk of~,"JLPTsensei,MaruMori",2
n3_100,N3,どうしても,どうしても,no matter what; at any cost; after all,"JLPTsensei,MaruMori",2
n3_101,N3,どころか,どころか | ～どころか,far from; nevermind,"MaruMori,Neocities",2
n3_102,N3,どんなにても,どんなに○○ても | どんなに～ても,no matter how (much),"JLPTsensei,MaruMori,Neocities",3
n3_103,N3,なかなかない,なかなか | なかなか～ | なかなか～ない,quite~; pretty~; rather~; just not ~,"JLPTsensei,MaruMori",2
n3_104,N3,なぜならから,なぜなら | なぜなら / なぜかというと | なぜなら〜から,because; the reason is,"JLPTsensei,MaruMori,Neocities",3
n3_105,N3,なるべく,なるべく,as much as possible,"JLPTsensei,MaruMori,Neocities",3
n3_106,N3,なんか,なんか / なんて | なんか・なんて,examples; modesty; make light of~,"JLPTsensei,MaruMori,Neocities",3
n3_107,N3,にかわって,にかわって | にかわって / にかわり,instead of~; replacing~; on behalf of~,"JLPTsensei,Neocities",2
n3_108,N3,に違いない（にちが,に違いない | ～に違いない（にちが…,I’m sure/ certain; no doubt that,"JLPTsensei,MaruMori,Neocities",3
n3_109,N3,はで有名,は～で有名 | ～は～で有名,famous for~,"JLPTsensei,MaruMori",2
n3_110,N3,ばいい,ばいい,"should, can, it’d be good if","JLPTsensei,Neocities",2
n3_111,N3,ばかりでなく,ばかりで | ばかりでなく | ～ばかりで | ～ばかりでなく,not only.. but also; as well as,"JLPTsensei,MaruMori,Neocities",3
n3_112,N3,ばのに,ば～のに,would have; should have; if only~,"JLPTsensei,MaruMori",2
n3_113,N3,ばよかった,ばよかった,"should have, would have been better if~","JLPTsensei,Neocities",2
n3_114,N3,ふと,ふと | ふと 1 | ふと 2,suddenly; accidentally; unexpectedly,"JLPTsensei,MaruMori,Neocities",3
n3_115,N3,べき,べき | ～べき(だ),must do; should do,"MaruMori,Neocities",2
n3_116,N3,べきではない,べきではない,should not do~; must not do~,"JLPTsensei,Neocities",2
n3_117,N3,まさか,まさか,there's no way; that's impossible,"JLPTsensei,MaruMori",2
n3_118,N3,まるで,まるで,as if; as though; just like,"JLPTsensei,MaruMori,Neocities",3
n3_119,N3,むしろ,むしろ,rather; instead; better,"JLPTsensei,MaruMori",2
n3_120,N3,めったにない,めったに | めったに～ない,hardly; rarely; seldom,"JLPTsensei,MaruMori,Neocities",3
n3_121,N3,もしかしたら,もしかしたら | もしかしたら・もしか…,perhaps; maybe; perchance; by chance,"JLPTsensei,MaruMori,Neocities",3
n3_122,N3,ようとしない,としない / とはしない | ようとしない | ～ようとしない,not try to; not make an effort to~,"JLPTsensei,MaruMori,Neocities",3
n3_123,N3,ようとする,〜ようとする | とする 1 | とする 2 | ようとする,try to; attempt to; be about to~,"JLPTsensei,MaruMori,Neocities",3
n3_124,N3,ような気がする,ような気がする,have a feeling that; feels like; seems like,"JLPTsensei,MaruMori,Neocities",3
n3_125,N3,わざと,わざと,on purpose; intentionally~,"JLPTsensei,MaruMori",2
n3_126,N3,わざわざ,わざわざ,to go to the trouble of,"JLPTsensei,MaruMori",2
n3_127,N3,んだって,だって～ | んだって,I hear that; heard that~,"JLPTsensei,MaruMori",2
n3_128,N3,一体,一体,emphasis; what on earth?,"JLPTsensei,MaruMori",2
n3_129,N3,一度に,一度に,all at once,"JLPTsensei,MaruMori",2
n3_130,N3,一方だ,一方だ | ～一方だ,more and more; continue to,"JLPTsensei,MaruMori,Neocities",3
n3_131,N3,一方で,一方で | ～一方で,on one hand; on the other hand,"MaruMori,Neocities",2
n3_132,N3,上げる,上げる | ～上げる・上がる,to finish doing~,"JLPTsensei,MaruMori",2
n3_133,N3,切る,切る | ～切る（きる）,to do something completely to the end,"JLPTsensei,MaruMori",2
n3_134,N3,切れない,切れない,unable to do; too much to finish,"JLPTsensei,Neocities",2
n3_135,N3,別にない（べつに,別に～ない | 別に～ない（べつに～…,"not really, not particularly","JLPTsensei,MaruMori",2
n3_136,N3,割に,割に | 割に（わりに）,considering; relatively; unexpectedly,"JLPTsensei,MaruMori",2
n3_137,N3,合う,合う | ～合う,do something together,"JLPTsensei,MaruMori",2
n3_138,N3,向き,向き | 向き 1 | 向き 2 | ～向き（むき）,suitable for~,"JLPTsensei,MaruMori,Neocities",3
n3_139,N3,向け,向け | ～向け（むけ）,intended for; aimed at~,"JLPTsensei,MaruMori,Neocities",3
n3_140,N3,最中に（さいちゅう,〜最中に（さいちゅう… | 最中に,while; during; in the middle of,"JLPTsensei,MaruMori,Neocities",3
n3_141,N3,決してない（けっし,決して○○ない | 決して～ない | 決して～ない（けっし…,never; by no means,"JLPTsensei,MaruMori,Neocities",3
n3_142,N3,的,〜的（てき） | 的,change noun into na-adjective,"JLPTsensei,MaruMori",2
n3_143,N3,確かに,確かに,"surely, certainly","JLPTsensei,Neocities",2
n3_144,N3,結局,結局 | 結局（けっきょく）,after all; eventually; in the end,"JLPTsensei,MaruMori",2
n3_145,N3,結果,結果 | 結果（けっか）,as a result of; after,"JLPTsensei,MaruMori",2
n3_146,N3,込む,込む | ～込む（こむ）,Move inside; do a long time,"JLPTsensei,MaruMori",2
n3_147,N3,途中で,途中で | 途中で/途中に（とちゅ…,on the way; in the middle of~,"JLPTsensei,MaruMori",2
n3_148,N3,通す,通す | ～通す（とおす）,to do until the end; to continually do,"JLPTsensei,MaruMori",2
n2_201,N2,あるいは,あるいは,or; either; maybe; perhaps; possibly,"JLPTsensei,Neocities",2
n2_202,N2,いきなり,いきなり,abruptly; suddenly; all of a sudden,"JLPTsensei,MaruMori,Neocities",3
n2_203,N2,いよいよ,いよいよ,at last; finally; beyond doubt,"JLPTsensei,MaruMori,Neocities",3
n2_204,N2,いわゆる,いわゆる | いわゆる～,what is called; as it is called; so-called,"JLPTsensei,MaruMori,Neocities",3
n2_205,N2,おまけに,おまけに | おまけに～,to make matters worse; what's more,"JLPTsensei,MaruMori,Neocities",3
n2_206,N2,お願う,お○○願う | お～願う | お～願う（お～ねがう）,please do; could you please~,"JLPTsensei,MaruMori,Neocities",3
n2_207,N2,かえって,かえって,on the contrary; rather; all the more,"JLPTsensei,MaruMori,Neocities",3
n2_208,N2,かと思ったら,〜かと思ったら・思うと | かと思ったら | かと思ったら / かと思うと,just when; no sooner than,"JLPTsensei,MaruMori,Neocities",3
n2_209,N2,からして,〜からして | からして,judging from; based on; since; from,"JLPTsensei,MaruMori,Neocities",3
n2_210,N2,からと言って（から,〜からと言って（から… | からと言って,just because; even if; even though~,"JLPTsensei,MaruMori",2
n2_211,N2,から言うと,から言うと,in terms of; from the point of view of,"JLPTsensei,Neocities",2
n2_212,N2,か何か,〜か何か（かなにか） | か何か,or something,"MaruMori,Neocities",2
n2_213,N2,がきっかけで,がきっかけで | ～がきっかけで,as a result of; taking advantage of,"JLPTsensei,MaruMori",2
n2_214,N2,くせして,くせして,although~; despite the fact that~,"JLPTsensei,MaruMori",2
n2_215,N2,ことから,ことか | ことから,from the fact that,"JLPTsensei,Neocities",2
n2_216,N2,ことなく,〜ことなく | ことなく,without doing something even once,"JLPTsensei,MaruMori,Neocities",3
n2_217,N2,ことにはならない,ことにはならない | ～ことにはならない,just because… doesn’t mean~,"JLPTsensei,MaruMori,Neocities",3
n2_218,N2,しかも,しかも,moreover; furthermore; what’s more~,"JLPTsensei,MaruMori,Neocities",3
n2_219,N2,ずに済む,ずに済む,get by without doing~,"JLPTsensei,Neocities",2
n2_220,N2,せいか,せいか,perhaps because~,"JLPTsensei,MaruMori",2
n2_221,N2,せいぜい,せいぜい | せいぜい～,at the most; at best,"MaruMori,Neocities",2
n2_222,N2,せめて,せめて,at least; at most~,"JLPTsensei,MaruMori,Neocities",3
n2_223,N2,そうすると,そうすると,having done that; if that is done,"JLPTsensei,MaruMori,Neocities",3
n2_224,N2,そう言えば（そういえ,そう言えば | そう言えば（そういえ…,come to think of it~,"JLPTsensei,MaruMori",2
n2_225,N2,その上,その上 | その上・上に～,besides; in addition; furthermore~,"JLPTsensei,MaruMori,Neocities",3
n2_226,N2,それとも,それとも | それとも～,or; or else,"MaruMori,Neocities",2
n2_227,N2,それなのに,それなのに,and yet; despite this; but even so~,"JLPTsensei,MaruMori,Neocities",3
n2_228,N2,それなら,それなら,if that’s the case; if so~,"JLPTsensei,MaruMori,Neocities",3
n2_229,N2,たまえ,たまえ,do~; order somebody to do something,"JLPTsensei,MaruMori,Neocities",3
n2_230,N2,だけあって,だけあって | だけあって… | だけあって・だけのこ…,being the case; precisely because,"JLPTsensei,MaruMori,Neocities",3
n2_231,N2,だけに,〜だけに | だけに | だけに…,being the case; precisely because,"JLPTsensei,MaruMori,Neocities",3
n2_232,N2,だけのことはある,だけのことはある,as expected of; not for nothing,"JLPTsensei,MaruMori,Neocities",3
n2_233,N2,だけは,だけは,to do all that one can,"JLPTsensei,MaruMori,Neocities",3
n2_234,N2,だけましだ,だけまし | だけましだ,it’s better than; should feel grateful for,"JLPTsensei,MaruMori,Neocities",3
n2_235,N2,ちっともない,ちっとも○○ない | ちっとも～ない,(not) at all; (not) in the least,"JLPTsensei,MaruMori,Neocities",3
n2_236,N2,ちなみに,ちなみに,by the way; incidentally,"JLPTsensei,MaruMori",2
n2_237,N2,っこない,っこない,no chance of; definitely not possible,"JLPTsensei,MaruMori,Neocities",3
n2_238,N2,つつある,〜つつある | つつある,to be doing; in the process of doing~,"JLPTsensei,MaruMori,Neocities",3
n2_239,N2,ていては,〜ていては | ていては,if one keeps doing~,"JLPTsensei,MaruMori,Neocities",3
n2_240,N2,てしょうがない,〜てしょうがない・〜… | てしょうがない,very; extremely,"MaruMori,Neocities",2
n2_241,N2,てでも,〜てでも | てでも,even if I have to; by all means~,"JLPTsensei,MaruMori,Neocities",3
n2_242,N2,ては,ては | ては / では,whenever; if; when~; repetitive action,"JLPTsensei,Neocities",2
n2_243,N2,てはいられない,てはいられない,can’t afford to; unable to~,"JLPTsensei,MaruMori,Neocities",3
n2_244,N2,てはては,ては～ては,repetitive situations/actions,"JLPTsensei,MaruMori",2
n2_245,N2,てはならない,てはならない,must not; cannot; should not~,"JLPTsensei,MaruMori,Neocities",3
n2_246,N2,てばかりはいられない,てばかりはいられない | ばかり | ばかり 2 | ～ばかりは,can’t keep doing~,"JLPTsensei,MaruMori,Neocities",3
n2_247,N2,てまで,〜てまで・〜までして… | てまで,even; will go far so as to~,"JLPTsensei,MaruMori",2
n2_248,N2,て以来,て以来,since; henceforth~,"JLPTsensei,Neocities",2
n2_249,N2,て当然だ（てとうぜん,て当然だ | て当然だ（てとうぜん…,natural; as a matter of course,"JLPTsensei,MaruMori,Neocities",3
n2_250,N2,といった,といった | ～といった,like; such as~,"JLPTsensei,MaruMori,Neocities",3
n2_251,N2,ところだった,ところだった,was just about to do something,"JLPTsensei,Neocities",2
n2_252,N2,ところに,ところに | ところに / ところへ | ～ところに・ところへ…,at the time; just as I was~,"JLPTsensei,MaruMori,Neocities",3
n2_253,N2,ところを見ると（とこ,ところを見ると | ところを見ると（とこ…,judging from; seeing that~,"JLPTsensei,MaruMori,Neocities",3
n2_254,N2,とっくに,とっくに,long ago; already; a long time ago,"JLPTsensei,MaruMori,Neocities",3
n2_255,N2,とも,とも,even if; no matter; though~,"JLPTsensei,MaruMori,Neocities",3
n2_256,N2,と同時に,と同時に,at the same time as; while,"JLPTsensei,Neocities",2
n2_257,N2,どうせ,どうせ,anyhow; in any case; at any rate,"JLPTsensei,MaruMori,Neocities",3
n2_258,N2,どうやら,どうやら,apparently; seems like; somehow,"JLPTsensei,MaruMori,Neocities",3
n2_259,N2,どころではない,〜どころではない① | 〜どころではない② | どころではない,not the time for; far from,"JLPTsensei,MaruMori,Neocities",3
n2_260,N2,ないものか,〜ないもの（だろう）か | ものか | ものか / もんか | ～ものか,as if; there's no way~,"JLPTsensei,MaruMori,Neocities",3
n2_261,N2,なお,なお | なお～,still; yet; furthermore; in addition~,"JLPTsensei,MaruMori,Neocities",3
n2_262,N2,なくて済む（なくてす,なくて済む | なくて済む（なくてす…,get by without doing~,"JLPTsensei,MaruMori",2
n2_263,N2,なくはない,なくはない | ～なくはない,it’s not that; I may (double negative),"JLPTsensei,MaruMori,Neocities",3
n2_264,N2,にしたら にすれば,にしたら | にしたら にすれば,from one’s perspective,"JLPTsensei,MaruMori,Neocities",3
n2_265,N2,にせよ,にせよ/ にしろ | ～にせよ/,even if; regardless; whether... or,"JLPTsensei,MaruMori",2
n2_266,N2,につき,〜につき① | 〜につき② | につき,due to; because of; per; each,"JLPTsensei,MaruMori,Neocities",3
n2_267,N2,につけ,につけ,every time; whenever; as; whether,"JLPTsensei,MaruMori,Neocities",3
n2_268,N2,にて,にて,"in, at, with, by (formal particle)","JLPTsensei,MaruMori,Neocities",3
n2_269,N2,に伴って（にともな,に伴って | ～に伴って（にともな…,as; due to; with; along with; following,"JLPTsensei,MaruMori,Neocities",3
n2_270,N2,に先立ち（にさきだ,〜に先立ち（にさきだ… | に先立ち,before; prior to,"JLPTsensei,MaruMori,Neocities",3
n2_271,N2,に向かって（にむかっ,に向かって | に向かって（にむかっ…,to face; to go towards; to head to,"JLPTsensei,MaruMori,Neocities",3
n2_272,N2,に応えて,に応えて | に応えて（にこたえて）,in response to,"JLPTsensei,MaruMori,Neocities",3
n2_273,N2,に応じて（におうじ,に応じて | ～に応じて（におうじ…,depending on; in accordance with,"JLPTsensei,MaruMori,Neocities",3
n2_274,N2,に関わらず（にかか,〜に関わらず（にかか… | に関わらず,in spite of; regardless of~,"JLPTsensei,MaruMori",2
n2_275,N2,に関わる（にかかわ,〜に関わる（にかかわ… | に関わる,to relate to; to have to do with,"JLPTsensei,MaruMori",2
n2_276,N2,に限る,に限る,is best; nothing is better than~,"JLPTsensei,Neocities",2
n2_277,N2,ぬ,ぬ,negative verb conjugation (traditional),"JLPTsensei,MaruMori",2
n2_278,N2,ねばならない,ねばならない | ～ねばならない,have to do; must; should~,"JLPTsensei,MaruMori,Neocities",3
n2_279,N2,のももっともだ,のももっともだ | もっとも,no wonder; …is only natural,"JLPTsensei,MaruMori,Neocities",3
n2_280,N2,はともかく,はともかく | ～（は・なら）ともかく,anyhow; anyway; regardless,"JLPTsensei,MaruMori,Neocities",3
n2_281,N2,ばかりだ,ばかりだ,continue to (go in negative direction),"JLPTsensei,Neocities",2
n2_282,N2,まい,〜まい① | まい,will not; intend not to,"JLPTsensei,MaruMori,Neocities",3
n2_283,N2,まだしも,まだしも | ～（は・なら）まだしも,rather; better,"JLPTsensei,MaruMori",2
n2_284,N2,もう少しで（もうすこ,もう少しで | もう少しで（もうすこ…,"almost; nearly, close to~","JLPTsensei,MaruMori,Neocities",3
n2_285,N2,もばも,も○○ば○○も… | も～ば～も,and…,"MaruMori,Neocities",2
n2_286,N2,も当然だ（もとうぜん,も当然だ | も当然だ（もとうぜん…,it’s only natural; no wonder,"JLPTsensei,MaruMori",2
n2_287,N2,やがて,やがて | やがて～,before long; soon; almost; eventually~,"JLPTsensei,MaruMori,Neocities",3
n2_288,N2,やらやら,やら○○やら | やら～やら | ～やら～やら,such things as A and B; and so on~,"JLPTsensei,MaruMori,Neocities",3
n2_289,N2,ようかまいか,ようか～まいか,whether or not; considering options,"JLPTsensei,MaruMori",2
n2_290,N2,ようではないか,ではないか | ようでは | ようではないか,let’s do (something); why don’t we~,"JLPTsensei,MaruMori,Neocities",3
n2_291,N2,よほど よっぽど,よほど / よっぽど | よほど よっぽど,very; greatly; much; to a large extent,"JLPTsensei,MaruMori",2
n2_292,N2,ろくにない,ろくに○○ない | ろくに～ない,not well; not enough; improperly,"JLPTsensei,MaruMori,Neocities",3
n2_293,N2,わずかに,わずかに,slightly; only; barely; narrowly~,"JLPTsensei,MaruMori,Neocities",3
n2_294,N2,を除いて,〜を除いて | を除いて,except; with the exception of,"JLPTsensei,MaruMori,Neocities",3
n2_295,N2,んだって,だって | んだって,I heard that,"JLPTsensei,Neocities",2
n2_296,N2,一応,一応 | 一応（いちおう）,more or less; pretty much; roughly,"JLPTsensei,MaruMori",2
n2_297,N2,一気に,一気に | 一気に（いっきに）,in one go; without stopping; all at once,"JLPTsensei,MaruMori",2
n2_298,N2,上,〜上（じょう） | 上,for the sake of; from the standpoint of,"JLPTsensei,MaruMori,Neocities",3
n2_299,N2,上は,上は | 上は（うえは）,now that; since; as long as~,"JLPTsensei,MaruMori,Neocities",3
n2_300,N2,中を,中を | 中を /中では,in; on; in the midst of; when; while~,"JLPTsensei,Neocities",2
n2_301,N2,以上に,以上に | ～以上に,more than; not less than; beyond,"JLPTsensei,MaruMori,Neocities",3
n2_302,N2,何もない（なにも,何も～ない | 何も～ない（なにも～…,nothing; (not) ~ at all,"JLPTsensei,MaruMori",2
n2_303,N2,及び,及び | 及び（および）,and; as well as~,"JLPTsensei,MaruMori",2
n2_304,N2,反面,反面 | 反面（はんめん）,"while, although; on the other hand","JLPTsensei,MaruMori,Neocities",3
n2_305,N2,少しもない（すこし,少しも○○ない | 少しも～ない | 少しも～ない（すこし…,not one bit; not even a little~,"JLPTsensei,MaruMori,Neocities",3
n2_306,N2,少なくとも（すくなく,少なくとも | 少なくとも（すくなく…,at least~,"JLPTsensei,MaruMori",2
n2_307,N2,幸いなことに（さいわ,ことに | 幸いなことに | 幸いなことに（さいわ…,fortunately; luckily; thankfully~,"JLPTsensei,MaruMori",2
n2_308,N2,恐らく,恐らく | 恐らく（おそらく）,perhaps; likely; probably; I dare say~,"JLPTsensei,MaruMori",2
n2_309,N2,抜く,〜抜く（ぬく） | 抜く,from beginning to end; completely,"JLPTsensei,MaruMori,Neocities",3
n2_310,N2,末に,末に | ～末に（すえに）,finally; after; following; at the end,"JLPTsensei,MaruMori",2
n2_311,N2,果たして,果たして | 果たして（はたして）,as was expected; sure enough; really,"JLPTsensei,MaruMori,Neocities",3
n2_312,N2,次第に,次第に | 次第に（しだいに）～,gradually; in sequence; in order,"JLPTsensei,MaruMori",2
n2_313,N2,直ちに,直ちに,at once; immediately; directly,"JLPTsensei,Neocities",2
n2_314,N2,要するに,要するに | 要するに（ようするに）,in short; in a word; to sum up,"JLPTsensei,MaruMori,Neocities",3
n2_315,N2,逆に,逆に | 逆に～（ぎゃくに）,conversely; on the contrary,"JLPTsensei,MaruMori,Neocities",3
n2_316,N2,限り,〜限り（は） | 限り,as long as; while… is the case; as far as,"JLPTsensei,MaruMori,Neocities",3
n1_101,N1,あくまでも,あくまでも,to the end; persistently; is still very ~,"JLPTsensei,MaruMori,Neocities",3
n1_102,N1,あらかじめ,あらかじめ,beforehand; in advance; previously,"JLPTsensei,MaruMori,Neocities",3
n1_103,N1,いかなる,いかなる,any kind of; every; whatever,"JLPTsensei,MaruMori,Neocities",3
n1_104,N1,いかにも,いかに | いかにも,indeed; really; just (like); very ~,"JLPTsensei,MaruMori,Neocities",3
n1_105,N1,およそ,およそ,about; roughly; generally; completely ~,"JLPTsensei,MaruMori,Neocities",3
n1_106,N1,かつて,かつて,once; before; formerly; former; ex-,"JLPTsensei,MaruMori,Neocities",3
n1_107,N1,かれかれ,かれ○○かれ | かれ〜かれ | かれ～かれ,sooner or later; more or less,"JLPTsensei,MaruMori,Neocities",3
n1_108,N1,か否か,か否か | か否か（かいなか）,whether or not ~,"JLPTsensei,MaruMori,Neocities",3
n1_109,N1,がましい,がましい,look like; sound like; somewhat like ~,"JLPTsensei,MaruMori",2
n1_110,N1,きっての,きっての,the most / greatest … of all,"JLPTsensei,MaruMori,Neocities",3
n1_111,N1,ぐるみ,ぐるみ,together (with); -wide,"JLPTsensei,MaruMori,Neocities",3
n1_112,N1,こそ「が,こそ「〜が・けれど」 | こそ「～が・けれど」,but; although (emphasis),"JLPTsensei,MaruMori",2
n1_113,N1,こそあれ,こそあれ,although; even though ~,"JLPTsensei,MaruMori",2
n1_114,N1,こそすれ,こそすれ,and; although; but ~,"JLPTsensei,MaruMori",2
n1_115,N1,ことこの上ない,ことこの上ない | ことこの上ない / この上ない / この上なく,the most of all; the best; nothing is more ... than ~,"JLPTsensei,MaruMori",2
n1_116,N1,こともあって,こともあって,partly because; also because of ~,"JLPTsensei,MaruMori",2
n1_117,N1,さぞ,さぞ,surely; certainly; no doubt; indeed ~,"JLPTsensei,MaruMori,Neocities",3
n1_118,N1,さも,さも,"really (seem, appear, etc.); truly; as if ~","JLPTsensei,MaruMori,Neocities",3
n1_119,N1,さもないと,さもないと,otherwise; or else; if not ~,"JLPTsensei,MaruMori,Neocities",3
n1_120,N1,じみた,じみた,to become; to appear like; to look like ~,"JLPTsensei,MaruMori,Neocities",3
n1_121,N1,ずとも,ずとも,even without doing,"MaruMori,Neocities",2
n1_122,N1,そびれる,そびれる,to miss a chance; to fail to do ~,"JLPTsensei,MaruMori",2
n1_123,N1,ためしがない,ためしがない,is never the case; have never heard of ~,"JLPTsensei,MaruMori,Neocities",3
n1_124,N1,たらたで,たら〜たで | たら～たで,if / in the case... of course / should ~,"JLPTsensei,MaruMori",2
n1_125,N1,たらところだ,たら〜ところだ | たら～ところだ,"if... (counterfactual), then would be ~","JLPTsensei,MaruMori",2
n1_126,N1,たら最後,たら最後 | たら最後 / たが最後,if you do... negative result,"JLPTsensei,MaruMori",2
n1_127,N1,たるもの たる,たるもの / たる | たるもの たる,(that) which is; in capacity of ... should,"JLPTsensei,MaruMori",2
n1_128,N1,た弾みに,た弾みに | た弾みに /た拍子に,"the moment [A], unintentionally caused something to happen","JLPTsensei,MaruMori",2
n1_129,N1,た拍子に（,/ た拍子に（… | た拍子に,the instant,"MaruMori,Neocities",2
n1_130,N1,だのだの,だの○○だの | だの〜だの | だの～だの,and; and the like; and so forth ~,"JLPTsensei,MaruMori,Neocities",3
n1_131,N1,だろうに,だろうに,"(1) surely..., but ~ (2) should have ~","JLPTsensei,MaruMori",2
n1_132,N1,ってば ったら,ってば | ってば / ったら | ってば ったら,speaking of; I told you already,"JLPTsensei,MaruMori,Neocities",3
n1_133,N1,てみせる,てみせる,I’ll do my best; I'll show you ~,"JLPTsensei,MaruMori,Neocities",3
n1_134,N1,てもどうにもならない,てもどうにもならない,it's no use; can't do anything,"JLPTsensei,MaruMori,Neocities",3
n1_135,N1,ても差し支えない（て,ても差し支えない | ても差し支えない（て…,can ~; it’s okay if ~ (compromise),"JLPTsensei,MaruMori,Neocities",3
n1_136,N1,ても知らない（てもし,ても知らない | ても知らない（てもし…,if continue... you'll end up / I don't care,"JLPTsensei,MaruMori",2
n1_137,N1,て敵わない（てかなわ,て敵わない | て敵わない（てかなわ…,can't bear to; unable to; troublesome to,"JLPTsensei,MaruMori",2
n1_138,N1,て済むことではない（,て済むことではない | て済むことではない（…,~ is not enough to solve the problem,"JLPTsensei,MaruMori",2
n1_139,N1,でなくてなんだろう,でなくてなんだろう,must be; is definitely ~,"JLPTsensei,MaruMori,Neocities",3
n1_140,N1,ではあるまいか,ではあるまいか,isn't it; I wonder if it’s not ~,"JLPTsensei,Neocities",2
n1_141,N1,ではあるまいし,ではあるまいし,it’s not like; it isn’t as if ~,"JLPTsensei,MaruMori,Neocities",3
n1_142,N1,では済まない（ではす,では済まない | では済まない（ではす…,it doesn’t end with just ~,"JLPTsensei,MaruMori",2
n1_143,N1,でもありでもある,でもあり〜でもある | でもあり～でもある,to also be; both… and ~,"JLPTsensei,MaruMori",2
n1_144,N1,でも何でもない,でも何でもない | でも何でもない /くも何ともない,not in the least; nothing like that,"JLPTsensei,MaruMori,Neocities",3
n1_145,N1,といいといい,といい○○といい | といい〜といい | といい～といい,both ... and; whether it be ... or ~,"JLPTsensei,MaruMori,Neocities",3
n1_146,N1,といえども,といえども,even if; even though; despite ~,"JLPTsensei,MaruMori,Neocities",3
n1_147,N1,といったらない,といったらない,extremely; nothing more ... than this,"JLPTsensei,MaruMori,Neocities",3
n1_148,N1,といわずといわず,といわず | といわず〜といわず | といわず～といわず,"both; not only A or B, but (overall) ~","JLPTsensei,MaruMori,Neocities",3
n1_149,N1,ところを,ところを,although (it is a certain time/condition),"JLPTsensei,MaruMori",2
n1_150,N1,とされる,とされる,is considered to; it is said that ~,"JLPTsensei,MaruMori,Neocities",3
n1_151,N1,としたことが,としたことが,"of all people, who would have thought?","JLPTsensei,MaruMori",2
n1_152,N1,とっさに,とっさに,at once; right away; promptly,"JLPTsensei,MaruMori,Neocities",3
n1_153,N1,とは打って変わって,とは打って変わって | とは打って変わって/ とは打って変わり,unlike; very different from ~,"JLPTsensei,MaruMori",2
n1_154,N1,とは比べものにならない,とは比べものにならな… | とは比べものにならない,can't compare with ~,"JLPTsensei,MaruMori",2
n1_155,N1,とみると,とみると,"as soon as one realizes ..., then ~","JLPTsensei,MaruMori",2
n1_156,N1,ともあろうものが,ともあろうものが,of all people... (surprise),"JLPTsensei,MaruMori",2
n1_157,N1,ともすれば,ともすれば,apt to (do); tend to; liable to; prone to ~,"JLPTsensei,MaruMori,Neocities",3
n1_158,N1,ともとも,とも〜とも | とも～とも,unable to draw a conclusion/ judge,"JLPTsensei,MaruMori",2
n1_159,N1,ともなく ともなしに,ともなく | ともなく / ともなしに | ともなく ともなしに | なしに | なしに / なしで,somehow; without knowing/thinking,"JLPTsensei,MaruMori,Neocities",3
n1_160,N1,とりわけ,とりわけ,especially; above all ~,"JLPTsensei,MaruMori,Neocities",3
n1_161,N1,と相まって（とあいま,と相まって | と相まって（とあいま…,"together with..., more ~","JLPTsensei,MaruMori,Neocities",3
n1_162,N1,と見るや,と見るや | と見るや（とみるや）,at the sight of; after confirming ~,"JLPTsensei,MaruMori",2
n1_163,N1,と言えなくもない（と,と言えなくもない | と言えなくもない（と…,it can also be said that ~,"JLPTsensei,MaruMori",2
n1_164,N1,どうにもない,どうにも○○ない | どうにも〜ない | どうにも～ない,not … by any means,"JLPTsensei,MaruMori,Neocities",3
n1_165,N1,ないとも限らない（な,ないとも限らない | ないとも限らない（な…,not necessarily; maybe; might ~,"JLPTsensei,MaruMori,Neocities",3
n1_166,N1,ないものか,ないものか | ないものか /ないものだろうか,isn't there; can’t we…?; can’t I…?,"JLPTsensei,Neocities",2
n1_167,N1,なりとも,なりとも,at least; even just a little,"JLPTsensei,MaruMori,Neocities",3
n1_168,N1,なりなり,なり○○なり | なり〜なり | なり～なり,[A] or [B] or something; for instance ~,"JLPTsensei,MaruMori,Neocities",3
n1_169,N1,にかかっては,にかかっては | にかかっては /にかかったら / にかかると / かかれば,"when handled by (N), becomes a different result","JLPTsensei,MaruMori",2
n1_170,N1,には及ばない（にはお,には及ばない | には及ばない（にはお…,there is no need to; no match for ~,"JLPTsensei,MaruMori,Neocities",3
n1_171,N1,には当たらない（には,には当たらない | には当たらない（には…,it’s not worth; there’s no need to ~,"JLPTsensei,MaruMori",2
n1_172,N1,にまつわる,にまつわる,to be related to; to concern with ~,"JLPTsensei,MaruMori,Neocities",3
n1_173,N1,にも増して（にもまし,にも増して | にも増して（にもまし…,more than…; above ~,"JLPTsensei,MaruMori",2
n1_174,N1,にを重ねて（にを,に〜を重ねて | に～を重ねて（に～を…,success after continuous (effort),"JLPTsensei,MaruMori",2
n1_175,N1,に値する（にあたいす,に値する | に値する（にあたいす…,to be worth; to be worthy of ~,"JLPTsensei,MaruMori,Neocities",3
n1_176,N1,に先駆けて（にさきが,に先駆けて | に先駆けて（にさきが…,prior to; being ahead of ~,"JLPTsensei,MaruMori,Neocities",3
n1_177,N1,に則って（にのっとっ,に則って | に則って（にのっとっ…,based on; according to ~,"JLPTsensei,MaruMori,Neocities",3
n1_178,N1,に引き換え（にひきか,に引き換え | に引き換え（にひきか…,compared to; in contrast to; unlike ~,"JLPTsensei,MaruMori",2
n1_179,N1,に照らして（にてらし,に照らして | に照らして（にてらし…,according to; in view of; in light of ~,"JLPTsensei,MaruMori,Neocities",3
n1_180,N1,に耐える,に耐える | に耐える / に耐えない,worth doing; cannot bear doing ~,"JLPTsensei,MaruMori",2
n1_181,N1,に言わせれば（にいわ,に言わせれば | に言わせれば（にいわ…,if you ask; if one may say ~,"JLPTsensei,MaruMori,Neocities",3
n1_182,N1,に足らない,に足らない | に足らない/に足りない,cannot; not worthy; not worth doing ~,"JLPTsensei,MaruMori",2
n1_183,N1,に足りない,/ に足りな… | に足りない,to be not worth,"MaruMori,Neocities",2
n1_184,N1,に限ったことではない,/ たこと… | に限ったことではない | に限ったことではない…,not limited to only ~,"JLPTsensei,MaruMori",2
n1_185,N1,に難くない（にかたく,に難くない | に難くない（にかたく…,easy to do; it’s not hard to ~,"JLPTsensei,MaruMori",2
n1_186,N1,のなんのって,のなんのって,extremely ~ (cannot express in words),"JLPTsensei,MaruMori,Neocities",3
n1_187,N1,のやら ものやら,のやら / ものやら /ことやら | のやら ものやら,I wonder..; unsure; I don’t know ~,"JLPTsensei,MaruMori",2
n1_188,N1,のやらのやら,のやら〜のやら | のやら～のやら,or ~ (I don't know),"JLPTsensei,MaruMori",2
n1_189,N1,はそっちのけで,はそっちのけで | はそっちのけで /をそっちのけで,ignoring (one thing) for (another),"JLPTsensei,MaruMori",2
n1_190,N1,ばこそ,ばこそ,only because ~,"JLPTsensei,MaruMori,Neocities",3
n1_191,N1,ばそれまでだ,ばそれまでだ | ばそれまでだ /たらそれまでだ,if… then it’s over,"JLPTsensei,MaruMori,Neocities",3
n1_192,N1,びる,びる | びる / びて / びた,to seem to be; to appear; to behave as ~,"JLPTsensei,Neocities",2
n1_193,N1,ぶり,ぶり | ぶり / っぷり,style; manner; way,"JLPTsensei,Neocities",2
n1_194,N1,べく,べく,in order to; for the purpose of ~,"JLPTsensei,MaruMori,Neocities",3
n1_195,N1,べくして,べくして,as it is bound to (happen),"JLPTsensei,MaruMori",2
n1_196,N1,べくもない,べくもない,cannot possibly be ~,"JLPTsensei,MaruMori,Neocities",3
n1_197,N1,ほうがましだ,ほうがましだ,better than; would rather ~,"JLPTsensei,MaruMori,Neocities",3
n1_198,N1,ほどのことではない,ほどのことではない,it's not worth; no need to ~,"JLPTsensei,MaruMori",2
n1_199,N1,まくる,まくる,to do over and over again,"JLPTsensei,MaruMori",2
n1_200,N1,までもない までもなく,までもない | までもない / までもなく | までもない までもなく,there's no need to; not necessary to ~,"JLPTsensei,MaruMori,Neocities",3
n1_201,N1,まるっきり,まるっきり,completely; totally; (not) at all ~,"JLPTsensei,MaruMori,Neocities",3
n1_202,N1,もしくは,もしくは,or; otherwise,"JLPTsensei,MaruMori,Neocities",3
n1_203,N1,もしないで,もしないで,without even doing ~,"JLPTsensei,MaruMori,Neocities",3
n1_204,N1,ものと思われる,ものと思われる | ものと思われる /ものと見られる,to think; to suppose; it is believed/expected that ~,"JLPTsensei,MaruMori,Neocities",3
n1_205,N1,もはや,もはや,already; now; no longer; not anymore,"JLPTsensei,MaruMori,Neocities",3
n1_206,N1,も同然だ（もどうぜん,も同然だ | も同然だ（もどうぜん…,just like; same as~,"JLPTsensei,MaruMori",2
n1_207,N1,も顧みず（,/ も顧みず（… | も顧みず / を顧みず,regardless of; despite,"MaruMori,Neocities",2
n1_208,N1,やしない,やしない,"should do, but don't; there's no way ~","JLPTsensei,MaruMori,Neocities",3
n1_209,N1,やれやれ,やれ〜やれ | やれ～やれ,give 2 representative examples (negative),"JLPTsensei,MaruMori",2
n1_210,N1,ようが ようと,ようが / ようと | ようが ようと,even if; no matter how/what ~,"JLPTsensei,MaruMori",2
n1_211,N1,ようがようが,ようが〜ようが /ようと〜ようと | ようが～ようが,no matter; whether; even if [A] or [B],"JLPTsensei,MaruMori",2
n1_212,N1,わわで,わ〜わで,and (list neg. things happening at same time),"JLPTsensei,MaruMori",2
n1_213,N1,を兼ねて,を兼ねて | を兼ねて（をかねて）,also for the purpose of ~,"JLPTsensei,MaruMori,Neocities",3
n1_214,N1,を境に,を境に | を境に（をさかいに）,since ~ (indicates large change),"JLPTsensei,MaruMori",2
n1_215,N1,を押して,を押して | を押して /を押し切って,to overcome (opposition),"JLPTsensei,MaruMori",2
n1_216,N1,を控えて,を控えて | を控えて（をひかえて）,to be soon; the time has come to ~,"JLPTsensei,MaruMori",2
n1_217,N1,を経て,を経て | を経て（をへて）,through; by way of; after; via ~,"JLPTsensei,MaruMori,Neocities",3
n1_218,N1,を踏まえて（をふまえ,を踏まえて | を踏まえて（をふまえ…,to be based on; to take into account ~,"JLPTsensei,MaruMori,Neocities",3
n1_219,N1,を限りに,を限りに | を限りに（をかぎりに）,starting from; the last time,"JLPTsensei,MaruMori,Neocities",3
n1_220,N1,を顧みず,を顧みず | を顧みず / も顧みず,despite; regardless of ~,"JLPTsensei,MaruMori",2
n1_221,N1,並み,並み | 並み（なみ）,average; equal to; on par with ~,"JLPTsensei,MaruMori",2
n1_222,N1,何しろ,何しろ | 何しろ（なにしろ）,anyway; because; as you know ~,"JLPTsensei,MaruMori,Neocities",3
n1_223,N1,切りがない（きりがな,切りがない | 切りがない（きりがな…,endless; boundless; there’s no end to ~,"JLPTsensei,MaruMori",2
n1_224,N1,尽くす,尽くす | 尽くす（つくす）,to use up (completely),"JLPTsensei,MaruMori",2
n1_225,N1,思いをする（おもいを,思いをする | 思いをする（おもいを…,to think; to feel ~,"JLPTsensei,MaruMori,Neocities",3
n1_226,N1,折に,折に | 折に（おりに）,when; at the time; on the occasion ~,"JLPTsensei,MaruMori,Neocities",3
n1_227,N1,損なう 損ねる,損なう / 損ねる /損じる | 損なう 損ねる,to fail to; miss a chance,"JLPTsensei,MaruMori",2
n1_228,N1,放題,放題 | 放題（ほうだい）,doing as one pleases; uncontrolled,"JLPTsensei,MaruMori",2
n1_229,N1,敢えて,あえて | 敢えて | 敢えて（あえて）,dare to; deliberately; purposely ~,"JLPTsensei,MaruMori,Neocities",3
n1_230,N1,案の定,案の定 | 案の定（あんのじょう）,just as one thought; sure enough,"JLPTsensei,MaruMori,Neocities",3
n1_231,N1,極まる,極まる | 極まる / 極まりない,extremely; very ~,"JLPTsensei,MaruMori,Neocities",3
n1_232,N1,甲斐もなく（かいもな,甲斐もなく | 甲斐もなく（かいもな…,despite; even though ~,"JLPTsensei,MaruMori",2
n1_233,N1,羽目になる（はめにな,羽目になる | 羽目になる（はめにな…,to get stuck with (unpleasant),"JLPTsensei,MaruMori,Neocities",3
n1_234,N1,術がない,術がない | 術がない（すべがない）,there is no way / means; cannot do ~,"JLPTsensei,MaruMori",2
